{
    "MAC": "00142D6DF091",
    "VERSION_LIST": {
        "Calib": "1.0.0-git:master-2f44946-desc:May 16 2025 15:31:41",
        "CalibrationTask": "1.0.0-git:3.4.6-1d6ffbf-desc:May 16 2025 15:29:21",
        "ChargerAdapter": "1.0.0-git:3.4.6-99777f5-desc:May 16 2025 15:29:19",
        "DSPChassis": "1.0.0-git:3.4.6-c709299f-desc:May 16 2025 15:29:38",
        "GNSSModulesDriver": "0.1.0-git:3.4.6-e414da8-desc:May 16 2025 15:29:33",
        "LocalReMap": "1.0.0-git:3.4.6-186ea26-desc:May 16 2025 15:29:35",
        "MCLoc": "1.0.0-git:3.4.6-5a55538-desc:May 16 2025 15:31:49",
        "MagneticSensor": "1.0.0-git:3.4.6-c0eb62d-desc:May 16 2025 15:30:36",
        "MailSender": "1.0.0-git:3.4.6-3c64992-desc:May 16 2025 15:30:40",
        "MoveFactory": "4.5.26-git:3.4.6-c9dc326b-desc:May 16 2025 15:32:31",
        "MultiDcamera": "1.0.0-git:3.4.6-c7be4e25-desc:May 16 2025 15:33:20",
        "MultiLaser": "1.0.0-git:3.4.6-dee2d8c-desc:May 16 2025 15:31:38",
        "NetProtocol": "1.0.0-git:3.4-c82a1e8-desc:May 16 2025 15:32:11",
        "OdoCalculator": "1.0.0-git:3.4.6-f8db938-desc:May 16 2025 15:30:44",
        "OnlineMapLogger": "1.0.0-git:3.4.6-780cfe0-desc:May 16 2025 15:30:46",
        "OpticalMotionCapture": "1.0.0-git:3.4.6-1de3e5b-desc:May 16 2025 15:30:49",
        "RFIDSensor": "1.0.0-git:3.4.6-8bd40a1-desc:May 16 2025 15:30:57",
        "RecoFactory": "1.0.0-git:3.4.6-79f62d3-desc:May 16 2025 15:31:45",
        "Scanner": "1.0.0-git:3.4.6-1049267-desc:May 16 2025 15:31:16",
        "SeerRoller": "1.0.0-git:3.4.6-96923db-desc:May 16 2025 15:31:19",
        "SensorFuser": "1.0.0-git:3.4.6-74e891b-desc:May 16 2025 15:32:07",
        "SlaMapping": "1.0.0-git:3.4.6-2c4e23b-desc:May 16 2025 15:31:25",
        "SoundPlayer": "1.0.0-git:3.4.6-75f732a-desc:May 16 2025 15:31:27",
        "SystemVersion": "0.0.4_20240614100900",
        "TaskManager": "1.0.0-git:3.4.6-cd41ea0-desc:May 16 2025 15:31:29",
        "arm-patch": "0.9.27"
    },
    "WLANMAC": "",
    "ap_addr": "",
    "architecture": "arm64",
    "calibrated": false,
    "create_on": "2025-12-15T16:04:31.570-1100",
    "current_ip": "192.168.22.219",
    "current_map": "20251203191014177_nowy_styl_3_ulepszone_wyjazdy_scene_data_wrong",
    "current_map_entries": [
        {
            "3dFeatureTrans": [
                0,
                0,
                0
            ],
            "md5": "2772da7ab0487b178593d3bb94e0eb91",
            "name": "20251203191014177_nowy_styl_3_ulepszone_wyjazdy_scene_data_wrong"
        }
    ],
    "current_map_md5": "2772da7ab0487b178593d3bb94e0eb91",
    "dsp_version": "v2.0.4.0v5",
    "echoid": "884ae659-e7a153f6-17349ed1-e5e6b083",
    "echoid_type": "",
    "features": [
        {
            "active": true,
            "expiry_date": "never-expire",
            "name": "rbk_diff"
        },
        {
            "active": true,
            "expiry_date": "never-expire",
            "name": "pro_loc_func"
        },
        {
            "active": true,
            "expiry_date": "never-expire",
            "name": "pro_rec_func"
        },
        {
            "active": false,
            "name": "pro_mod_func"
        }
    ],
    "gyro_version": "v2.1.3-RC1-e507de4-2025-03-05 10:56:13",
    "hardware": {
        "cpus": [
        ]
    },
    "id": "07205009",
    "ip": "10.6.44.60",
    "map_version": "v1.0.7",
    "modbus_version": "v2.1.0",
    "model": "CBD15CE",
    "model_md5": "76d6862a9ca7f4af03c302ccbc1edead",
    "model_version": "v3.0.2",
    "netprotocol_version": "v3.0.0",
    "network_controllers": [
        {
            "description": "Ethernet controller",
            "driver": "unknown",
            "driverversion": "unknown",
            "logicalname": "unknown",
            "product": "Marvell Technology Group Ltd.",
            "serial": "unknown",
            "vendor": "Marvell Technology Group Ltd."
        },
        {
            "description": "Ethernet interface",
            "driver": "fec",
            "driverversion": "5.15.148-seer+",
            "logicalname": "eth0",
            "product": "unknown",
            "serial": "00:14:2d:6d:f0:91",
            "vendor": "unknown"
        },
        {
            "description": "Ethernet interface",
            "driver": "fec",
            "driverversion": "5.15.148-seer+",
            "logicalname": "eth1",
            "product": "unknown",
            "serial": "00:14:2d:6d:f0:91",
            "vendor": "unknown"
        }
    ],
    "ret_code": 0,
    "roboshop_min_version_required": "v2.4.2.0",
    "robot_note": "CBD15_04",
    "rssi": 0,
    "safe_model_md5": "bc6968f1fea1a2274b4c6fd50e767949",
    "ssid": "",
    "vehicle_id": "INV-CBD15-LONG-1",
    "version": "v3.4.7.1013"
}
